{"cameraMode":{"drawMode":0,"name":"Shaded","section":"Shading Mode"},"sceneLighting":false,"audioPlay":false,"sceneViewState":{"showFog":true,"showMaterialUpdate":true,"showSkybox":true,"showFlares":true,"showImageEffects":true,"showParticleSystems":true},"in2DMode":false,"pivot":{"x":-0.7958760857582092,"y":-0.2266513705253601,"z":5.9841790199279789},"rotation":{"x":-0.013806437142193318,"y":0.021593866869807245,"z":-0.0002979909477289766,"w":-0.9996730089187622},"size":17.998157501220704,"orthographic":false}